<?xml version="1.0" encoding="UTF-8"?>
<project-private xmlns="http://www.netbeans.org/ns/project-private/1">
    <editor-bookmarks xmlns="http://www.netbeans.org/ns/editor-bookmarks/2" lastBookmarkId="0"/>
    <open-files xmlns="http://www.netbeans.org/ns/projectui-open-files/2">
        <group>
            <file>file:/Users/zhuyixian/Desktop/coding/Ebiz/IS2730FinalProject/web/togo_order.jsp</file>
            <file>file:/Users/zhuyixian/Desktop/coding/Ebiz/IS2730FinalProject/web/togo_menu.jsp</file>
            <file>file:/Users/zhuyixian/Desktop/coding/Ebiz/IS2730FinalProject/src/java/Bean/CartItemBean.java</file>
            <file>file:/Users/zhuyixian/Desktop/coding/Ebiz/IS2730FinalProject/web/CSS/togoorder_css.css</file>
        </group>
    </open-files>
</project-private>
